2026714257,PHYS1116.02,GESS1028.03,GEHA1254.04,CLPE1001.01,GEHA1165.09
2026714256,PHYS1116.02,GESS1028.03,GEHA1254.04,CLPE1001.01,GEHA1165.09
2026714255,PHYS1116.02,GESS1028.03,GEHA1254.04,CLPE1001.01,GEHA1165.09
2026714254,PHYS1116.02,GESS1028.03,GEHA1254.04,CLPE1001.01,GEHA1173.01
2026714253,PHYS1116.02,GESS1028.03,GEHA1254.04,CLPE1001.01,GEHA1173.01
2026714252,PHYS1116.02,GESS1028.03,GEHA1254.04,CLPE1001.01,GEHA1165.09
2026714251,PHYS1116.02,GESS1028.04,GEHA1254.04,CLPE1001.01
2026714250,PHYS1116.02,GESS1028.04,GEHA1254.04,CLPE1001.01
2026714249,PHYS1116.02,GESS1028.03,GEHA1254.04,CLPE1001.01,GEHA1165.09
2026714248,PHYS1116.02,GESS1028.03,GEHA1254.04,CLPE1001.01,GEHA1173.01
2026714247,PHYS1116.02,GESS1028.03,GEHA1254.04,CLPE1001.01,GEHA1165.09
2026714246,PHYS1116.02,GESS1028.04,GEHA1254.04,CLPE1001.01
2026714245,PHYS1116.02,GESS1028.04,GEHA1254.04,CLPE1001.01
2026714244,PHYS1116.02,GESS1028.03,GEHA1254.04,CLPE1001.01,GEHA1165.09
2026714243,PHYS1116.02,GESS1028.03,GEHA1254.04,CLPE1001.01,GEHA1165.09
2026714242,PHYS1116.02,GESS1028.04,GEHA1254.04,CLPE1001.03
2026714241,PHYS1116.02,GESS1028.03,GEHA1254.04,CLPE1001.01,GEHA1165.09
2026714240,PHYS1116.02,GESS1028.03,GEHA1254.04,CLPE1001.01,GEHA1165.09
2026714239,PHYS1116.02,GESS1028.03,GEHA1254.04,CLPE1001.01,GEHA1165.09
2026714238,PHYS1116.02,GESS1028.03,GEHA1254.04,CLPE1001.01,GEHA1165.09
2026714237,PHYS1116.02,GESS1028.03,GEHA1254.04,CLPE1001.01,GEHA1165.09
2026714236,PHYS1116.02,GESS1028.04,GEHA1254.04,CLPE1001.02
2026714235,PHYS1116.02,GESS1028.03,GEHA1254.04,CLPE1001.02,GEHA1173.01
2026714234,PHYS1116.02,GESS1028.03,GEHA1254.04,CLPE1001.02,GEHA1165.09
2026714233,PHYS1116.02,GESS1028.03,GEHA1254.04,CLPE1001.02,GEHA1173.01
2026714232,PHYS1116.02,GESS1028.03,GEHA1254.04,CLPE1001.02,GEHA1173.01
2026714231,PHYS1116.02,GESS1028.03,GEHA1254.04,CLPE1001.02,GEHA1165.09
2026714230,PHYS1116.02,GESS1028.03,GEHA1254.04,CLPE1001.02,GEHA1173.01
2026714229,PHYS1116.01,GESS1028.03,GEHA1254.04,CLPE1001.11,GEHA1173.01
2026714228,PHYS1116.01,GESS1028.03,GEHA1254.04,CLPE1001.13,GEHA1165.09
2026714227,PHYS1116.01,GESS1028.03,GEHA1254.04,CLPE1001.11,GEHA1173.01
2026714226,PHYS1116.01,GESS1028.03,GEHA1254.04,CLPE1001.11,GEHA1173.01
2026714225,PHYS1116.01,GESS1028.04,GEHA1254.04,CLPE1001.11
2026714224,PHYS1116.01,GESS1028.03,GEHA1254.04,CLPE1001.11,GEHA1173.01
2026714223,PHYS1116.01,GESS1028.03,GEHA1254.04,CLPE1001.11,GEHA1165.09
2026714222,PHYS1116.01,GESS1028.03,GEHA1254.04,CLPE1001.11,GEHA1165.09
2026714221,PHYS1116.01,GESS1028.03,GEHA1254.04,CLPE1001.11,GEHA1165.09
2026714220,PHYS1116.01,GESS1028.03,GEHA1254.04,CLPE1001.11,GEHA1165.09
2026714219,PHYS1116.01,GESS1028.03,GEHA1254.04,CLPE1001.11,GEHA1165.09
2026714218,PHYS1116.01,GESS1028.04,GEHA1254.04,CLPE1001.11
2026714217,PHYS1116.01,GESS1028.04,GEHA1254.04,CLPE1001.11
2026714216,PHYS1116.01,GESS1028.04,GEHA1254.04,CLPE1001.11
2026714215,PHYS1116.01,GESS1028.03,GEHA1254.04,CLPE1001.11,GEHA1165.09
2026714214,PHYS1116.01,GESS1028.04,GEHA1254.04,CLPE1001.11
2026714213,PHYS1116.01,GESS1028.03,GEHA1254.04,CLPE1001.11,GEHA1165.09
2026714212,PHYS1116.01,GESS1028.04,GEHA1254.04,CLPE1001.11
2026714211,PHYS1116.01,GESS1028.04,GEHA1254.04,CLPE1001.13
2026714210,PHYS1116.01,GESS1028.03,GEHA1254.04,CLPE1001.11,GEHA1165.09
2026714209,PHYS1116.01,GESS1028.03,GEHA1254.04,CLPE1001.11,GEHA1165.09
2026714208,PHYS1116.01,GESS1028.03,GEHA1254.05,CLPE1001.11,GEHA1165.09
2026714207,PHYS1116.01,GESS1028.04,GEHA1254.05,CLPE1001.13
2026714206,PHYS1116.01,GESS1028.03,GEHA1254.05,CLPE1001.12,GEHA1165.09
2026714205,PHYS1116.01,GESS1028.03,GEHA1254.05,CLPE1001.12,GEHA1165.09
2026714204,PHYS1116.01,GESS1028.04,GEHA1254.05,CLPE1001.13
2026714203,PHYS1116.01,GESS1028.03,GEHA1254.05,CLPE1001.12,GEHA1173.01
2026714202,PHYS1116.01,GESS1028.04,GEHA1254.05,CLPE1001.12
2026794227,GESS1028.04,GEHA1254.05,CLPE1001.02
2026794226,GESS1028.03,GEHA1254.05,CLPE1001.03,GEHA1165.09
2026794225,GESS1028.03,GEHA1254.05,CLPE1001.02,GEHA1165.09
2026794224,GESS1028.03,GEHA1254.05,CLPE1001.03,GEHA1165.10
2026794223,GESS1028.03,GEHA1254.05,CLPE1001.03,GEHA1165.10
2026794222,CHEM1100.03,GESS1028.04,GEHA1254.05,CLPE1001.02
2026794221,GESS1028.03,GEHA1254.05,CLPE1001.03,GEHA1165.10
2026794220,GESS1028.03,GEHA1254.05,CLPE1001.02,GEHA1165.10
2026794219,GESS1028.03,GEHA1254.05,CLPE1001.03,GEHA1165.10
2026794218,GESS1028.03,GEHA1254.05,CLPE1001.03,GEHA1165.10
2026794217,GESS1028.04,GEHA1254.05,CLPE1001.03
2026794216,GESS1028.03,GEHA1254.05,CLPE1001.03,GEHA1165.10
2026794215,GESS1028.03,GEHA1254.05,CLPE1001.02,GEHA1165.10
2026794214,GESS1028.03,GEHA1254.05,CLPE1001.02,GEHA1165.10
2026794213,GESS1028.03,GEHA1254.05,CLPE1001.02,GEHA1165.10
2026794212,GESS1028.03,GEHA1254.05,CLPE1001.02,GEHA1165.10
2026794211,GESS1028.04,GEHA1254.05,CLPE1001.02
2026794210,GESS1028.03,GEHA1254.05,CLPE1001.02,GEHA1173.01
2026794209,GESS1028.04,GEHA1254.05,CLPE1001.02
2026794208,GESS1028.04,GEHA1254.05,CLPE1001.02
2026794207,GESS1028.04,GEHA1254.05,CLPE1001.03
2026794206,GESS1028.03,GEHA1254.05,CLPE1001.03,GEHA1165.10
2026794205,GESS1028.03,GEHA1254.05,CLPE1001.03,GEHA1165.10
2026794204,GESS1028.03,GEHA1254.05,CLPE1001.02,GEHA1165.10
2026794203,GESS1028.04,GEHA1254.05,CLPE1001.04
2026794202,GESS1028.04,GEHA1254.05,CLPE1001.03
2026725221,CHEM1100.01,GESS1028.03,GEHA1254.05,CLPE1001.03,GEHA1165.01
2026725220,CHEM1100.01,GESS1028.03,GEHA1254.05,CLPE1001.04,GEHA1165.01
2026725219,CHEM1100.01,GESS1028.03,GEHA1254.05,CLPE1001.04,GEHA1165.01
2026725218,CHEM1100.01,GESS1028.03,GEHA1254.05,CLPE1001.04,GEHA1165.01
2026725217,CHEM1100.01,GESS1028.01,GEHA1254.05,CLPE1001.04,GEHA1165.06
2026725216,CHEM1100.01,GESS1028.01,GEHA1254.05,CLPE1001.04,GEHA1165.06
2026725215,CHEM1100.01,GESS1028.01,GEHA1254.05,CLPE1001.03,GEHA1165.06
2026725214,CHEM1100.01,GESS1028.01,GEHA1254.05,CLPE1001.04,GEHA1165.06
2026725213,CHEM1100.01,GESS1028.01,GEHA1254.05,CLPE1001.03,GEHA1173.02
2026725212,CHEM1100.01,GESS1028.01,GEHA1254.05,CLPE1001.04,GEHA1173.02
2026725211,CHEM1100.01,GESS1028.01,GEHA1254.05,CLPE1001.03,GEHA1165.06
2026725210,CHEM1100.01,GESS1028.01,GEHA1254.05,CLPE1001.04,GEHA1165.06
2026725209,CHEM1100.03,GESS1028.04,GEHA1254.05,CLPE1001.06
2026725208,CHEM1100.03,GESS1028.04,GEHA1254.05,CLPE1001.06
2026725206,CHEM1100.01,GESS1028.01,GEHA1254.05,CLPE1001.06,GEHA1165.06
2026725205,CHEM1100.01,GESS1028.01,GEHA1254.05,CLPE1001.04,GEHA1165.06
2026725204,CHEM1100.03,GESS1028.04,GEHA1254.01,CLPE1001.04
2026725203,CHEM1100.03,GESS1028.04,GEHA1254.01,CLPE1001.06
2026725202,CHEM1100.03,GESS1028.04,GEHA1254.01,CLPE1001.04
2026724270,CHEM1100.03,GESS1028.04,GEHA1254.01,CLPE1001.06
2026724269,CHEM1100.01,GESS1028.01,GEHA1254.02,CLPE1001.06,GEHA1165.06
2026724268,CHEM1100.01,GESS1028.01,GEHA1254.02,CLPE1001.04,GEHA1173.02
2026724267,CHEM1100.01,GESS1028.01,GEHA1254.02,CLPE1001.06,GEHA1165.06
2026724266,CHEM1100.01,GESS1028.01,GEHA1254.02,CLPE1001.06,GEHA1165.06
2026724265,CHEM1100.01,GESS1028.01,GEHA1254.02,CLPE1001.04,GEHA1165.06
2026724264,CHEM1100.01,GESS1028.01,GEHA1254.02,CLPE1001.04,GEHA1173.02
2026724263,CHEM1100.03,GESS1028.04,GEHA1254.01,CLPE1001.04
2026724262,CHEM1100.01,GESS1028.01,GEHA1254.02,CLPE1001.04,GEHA1173.02
2026724261,CHEM1100.01,GESS1028.01,GEHA1254.02,CLPE1001.04,GEHA1165.06
2026724260,CHEM1100.01,GESS1028.01,GEHA1254.02,CLPE1001.04,GEHA1165.06
2026724259,CHEM1100.03,GESS1028.04,GEHA1254.01,CLPE1001.06
2026724258,CHEM1100.01,GESS1028.01,GEHA1254.02,CLPE1001.06,GEHA1165.06
2026724257,CHEM1100.03,GESS1028.04,GEHA1254.01,CLPE1001.06
2026724256,CHEM1100.01,GESS1028.01,GEHA1254.02,CLPE1001.04,GEHA1165.06
2026724255,CHEM1100.03,GESS1028.04,GEHA1254.01,CLPE1001.06
2026724254,CHEM1100.03,GESS1028.04,GEHA1254.01,CLPE1001.05
2026724253,CHEM1100.01,GESS1028.01,GEHA1254.02,CLPE1001.06,GEHA1165.06
2026724252,CHEM1100.03,GESS1028.04,GEHA1254.01,CLPE1001.06
2026724251,CHEM1100.03,GESS1028.04,GEHA1254.01,CLPE1001.06
2026724250,CHEM1100.01,GESS1028.01,GEHA1254.02,CLPE1001.06,GEHA1165.06
2026724249,CHEM1100.01,GESS1028.01,GEHA1254.02,CLPE1001.06,GEHA1165.06
2026724248,CHEM1100.01,GESS1028.01,GEHA1254.02,CLPE1001.10,GEHA1165.06
2026724247,CHEM1100.03,GESS1028.04,GEHA1254.01,CLPE1001.10
2026724246,CHEM1100.01,GESS1028.01,GEHA1254.02,CLPE1001.10,GEHA1165.06
2026724245,CHEM1100.02,GESS1028.01,GEHA1254.02,CLPE1001.05,GEHA1165.06
2026724244,CHEM1100.02,GESS1028.01,GEHA1254.02,CLPE1001.10,GEHA1173.02
2026724242,CHEM1100.02,GESS1028.01,GEHA1254.02,CLPE1001.05,GEHA1173.02
2026724241,CHEM1100.03,GESS1028.04,GEHA1254.01,CLPE1001.05
2026724240,CHEM1100.02,GESS1028.01,GEHA1254.02,CLPE1001.05,GEHA1165.06
2026724239,CHEM1100.02,GESS1028.01,GEHA1254.02,CLPE1001.05,GEHA1165.06
2026724238,CHEM1100.03,GESS1028.04,GEHA1254.01,CLPE1001.05
2026724237,CHEM1100.02,GESS1028.01,GEHA1254.02,CLPE1001.05,GEHA1165.06
2026724236,CHEM1100.02,GESS1028.01,GEHA1254.02,CLPE1001.05,GEHA1165.06
2026724235,CHEM1100.02,GESS1028.01,GEHA1254.02,CLPE1001.10,GEHA1173.02
2026724234,CHEM1100.02,GESS1028.01,GEHA1254.02,CLPE1001.10,GEHA1165.06
2026724233,CHEM1100.02,GESS1028.01,GEHA1254.02,CLPE1001.10,GEHA1173.02
2026724232,CHEM1100.02,GESS1028.01,GEHA1254.02,CLPE1001.05,GEHA1173.02
2026724231,CHEM1100.02,GESS1028.01,GEHA1254.02,CLPE1001.10,GEHA1165.06
2026724230,CHEM1100.02,GESS1028.01,GEHA1254.02,CLPE1001.05,GEHA1165.06
2026724229,CHEM1100.03,GESS1028.04,GEHA1254.01,CLPE1001.10
2026724228,CHEM1100.02,GESS1028.01,GEHA1254.02,CLPE1001.10,GEHA1165.06
2026724227,CHEM1100.03,GESS1028.04,GEHA1254.01,CLPE1001.10
2026724226,CHEM1100.02,GESS1028.01,GEHA1254.02,CLPE1001.10,GEHA1165.07
2026724225,CHEM1100.03,GESS1028.04,GEHA1254.01,CLPE1001.05
2026724224,CHEM1100.02,GESS1028.01,GEHA1254.02,CLPE1001.10,GEHA1165.07
2026724223,CHEM1100.02,GESS1028.01,GEHA1254.02,CLPE1001.05,GEHA1173.02
2026724222,CHEM1100.02,GESS1028.01,GEHA1254.02,CLPE1001.05,GEHA1165.07
2026724221,CHEM1100.02,GESS1028.01,GEHA1254.02,CLPE1001.05,GEHA1165.07
2026724220,CHEM1100.03,GESS1028.04,GEHA1254.01,CLPE1001.10
2026724219,CHEM1100.02,GESS1028.01,GEHA1254.02,CLPE1001.10,GEHA1165.07
2026724218,CHEM1100.03,GESS1028.04,GEHA1254.01,CLPE1001.05
2026724217,CHEM1100.03,GESS1028.04,GEHA1254.01,CLPE1001.05
2026724216,CHEM1100.02,GESS1028.01,GEHA1254.02,CLPE1001.10,GEHA1165.07
2026724215,CHEM1100.02,GESS1028.01,GEHA1254.02,CLPE1001.05,GEHA1165.07
2026724214,CHEM1100.03,GESS1028.04,GEHA1254.01,CLPE1001.10
2026724213,CHEM1100.02,GESS1028.01,GEHA1254.02,CLPE1001.13,GEHA1165.07
2026724212,CHEM1100.02,GESS1028.01,GEHA1254.02,CLPE1001.13,GEHA1165.07
2026724211,CHEM1100.03,GESS1028.04,GEHA1254.01,CLPE1001.05
2026724210,CHEM1100.03,GESS1028.04,GEHA1254.01,CLPE1001.05
2026724209,CHEM1100.03,GESS1028.04,GEHA1254.01,CLPE1001.13
2026724208,CHEM1100.02,GESS1028.01,GEHA1254.02,CLPE1001.13,GEHA1165.07
2026724207,CHEM1100.03,GESS1028.04,GEHA1254.01,CLPE1001.07
2026724206,CHEM1100.02,GESS1028.01,GEHA1254.02,CLPE1001.13,GEHA1165.07
2026724205,CHEM1100.03,GESS1028.04,GEHA1254.01,CLPE1001.13
2026724204,CHEM1100.03,GESS1028.04,GEHA1254.01,CLPE1001.13
2026724203,CHEM1100.04,GESS1028.04,GEHA1254.01,CLPE1001.13
2026724202,CHEM1100.04,GESS1028.04,GEHA1254.01,CLPE1001.13
2026774216,GESS1028.04,GEHA1254.01,CLPE1001.07,GEHA1165.07
2026774215,GESS1028.04,GEHA1254.01,CLPE1001.07,GEHA1165.07
2026774214,GESS1028.04,GEHA1254.01,CLPE1001.07
2026774213,GESS1028.04,GEHA1254.01,CLPE1001.07,GEHA1173.02
2026774212,GESS1028.04,GEHA1254.01,CLPE1001.07,GEHA1165.07
2026774211,GESS1028.01,GEHA1254.02,CLPE1001.07,GEHA1165.07
2026774210,GESS1028.01,GEHA1254.02,CLPE1001.07,GEHA1173.02
2026774209,GESS1028.01,GEHA1254.02,CLPE1001.07,GEHA1165.07
2026774208,GESS1028.01,GEHA1254.02,CLPE1001.07,GEHA1173.02
2026774207,GESS1028.01,GEHA1254.02,CLPE1001.07,GEHA1173.02
2026774206,GESS1028.01,GEHA1254.02,CLPE1001.07,GEHA1173.02
2026774205,GESS1028.01,GEHA1254.02,CLPE1001.07
2026774204,GESS1028.01,GEHA1254.03,CLPE1001.07,GEHA1165.07
2026774203,GESS1028.01,GEHA1254.03,CLPE1001.07,GEHA1173.02
2026774202,GESS1028.02,GEHA1254.01,CLPE1001.07,GEHA1165.07
2026754223,GESS1028.02,GEHA1254.01,CLPE1001.07,GEHA1173.02
2026754222,GESS1028.02,GEHA1254.01,CLPE1001.13
2026754221,GESS1028.02,GEHA1254.01,CLPE1001.07,GEHA1165.07
2026754220,GESS1028.02,GEHA1254.01,CLPE1001.07
2026754219,GESS1028.02,GEHA1254.01,CLPE1001.13,GEHA1165.07
2026754218,GESS1028.02,GEHA1254.01,CLPE1001.13
2026754217,GESS1028.02,GEHA1254.01,CLPE1001.13,GEHA1165.07
2026754216,GESS1028.02,GEHA1254.01,CLPE1001.14,GEHA1165.07
2026754215,GESS1028.02,GEHA1254.01,CLPE1001.07,GEHA1165.07
2026754214,GESS1028.02,GEHA1254.01,CLPE1001.14
2026754213,GESS1028.02,GEHA1254.01,CLPE1001.08
2026754212,GESS1028.02,GEHA1254.01,CLPE1001.08
2026754211,GESS1028.02,GEHA1254.01,CLPE1001.14,GEHA1165.07
2026754210,GESS1028.02,GEHA1254.01,CLPE1001.14
2026754209,GESS1028.02,GEHA1254.03,CLPE1001.14,GEHA1165.07
2026754208,GESS1028.02,GEHA1254.03,CLPE1001.14,GEHA1165.07
2026754207,GESS1028.02,GEHA1254.03,CLPE1001.14
2026754206,GESS1028.02,GEHA1254.03,CLPE1001.08
2026754205,GESS1028.02,GEHA1254.03,CLPE1001.08
2026754204,GESS1028.02,GEHA1254.03,CLPE1001.14,GEHA1165.07
2026754203,GESS1028.02,GEHA1254.03,CLPE1001.08
2026754202,GESS1028.02,GEHA1254.03,CLPE1001.14,GEHA1165.07
2026736392,MT1020.01,GEHA1050.01,CLPE1002.09,GEHA1173.02
2026736391,MT1020.01,GEHA1050.01,CLPE1002.09,GEHA1165.07
2026736390,MT1020.01,GEHA1050.01,CLPE1002.09,GEHA1165.07
2026736389,MT1020.01,GEHA1050.01,CLPE1002.09,GEHA1165.08
2026736388,MT1020.01,GEHA1050.01,CLPE1002.09,GEHA1165.08
2026736387,MT1020.01,GEHA1050.01,CLPE1002.10,GEHA1173.02
2026736386,MT1020.01,GEHA1050.01,CLPE1002.09,GEHA1173.02
2026736385,MT1020.01,GEHA1050.02,CLPE1002.09
2026736384,MT1020.01,GEHA1050.02,CLPE1002.10
2026736383,MT1020.01,GEHA1050.02,CLPE1002.10
2026736382,MT1020.01,GEHA1050.01,CLPE1002.10,GEHA1165.08
2026736381,MT1020.01,GEHA1050.02,CLPE1002.10
2026736380,MT1020.01,GEHA1050.01,CLPE1002.09,GEHA1165.08
2026736379,MT1020.01,GEHA1050.01,CLPE1002.09,GEHA1165.08
2026736378,MT1020.01,GEHA1050.02,CLPE1002.09
2026736377,MT1020.01,GEHA1050.02,CLPE1002.09
2026736376,MT1020.01,GEHA1050.01,CLPE1002.09,GEHA1165.08
2026736375,MT1020.01,GEHA1050.01,CLPE1002.09,GEHA1165.08
2026736374,MT1020.01,GEHA1050.01,CLPE1002.10,GEHA1165.08
2026736373,MT1020.01,GEHA1050.01,CLPE1002.09,GEHA1173.02
2026736372,MT1020.01,GEHA1050.01,CLPE1002.09,GEHA1165.08
2026736371,MT1020.01,GEHA1050.01,CLPE1002.09,GEHA1165.08
2026736370,MT1020.01,GEHA1050.01,CLPE1002.09,GEHA1173.02
2026736369,MT1020.01,GEHA1050.01,CLPE1002.09,GEHA1173.02
2026736368,MT1020.01,GEHA1050.01,CLPE1002.10,GEHA1173.02
2026736367,MT1020.01,GEHA1050.01,CLPE1002.09,GEHA1165.08
2026736366,MT1020.01,GEHA1050.01,CLPE1002.09,GEHA1165.08
2026736365,MT1020.01,GEHA1050.02,CLPE1002.10
2026736364,MT1020.01,GEHA1050.01,CLPE1002.09,GEHA1165.08
2026736363,MT1020.01,GEHA1050.01,CLPE1002.09,GEHA1173.02
2026736362,MT1020.01,GEHA1050.01,CLPE1002.09,GEHA1165.08
2026736361,MT1020.01,GEHA1050.01,CLPE1002.09,GEHA1173.02
2026736360,MT1020.01,GEHA1050.01,CLPE1002.11,GEHA1165.08
2026736359,MT1020.01,GEHA1050.01,CLPE1002.11,GEHA1165.08
2026736358,MT1020.01,GEHA1050.01,CLPE1002.11,GEHA1173.02
2026736357,MT1020.01,GEHA1050.01,CLPE1002.10,GEHA1173.02
2026736356,MT1020.01,GEHA1050.01,CLPE1002.11,GEHA1165.08
2026736355,MT1020.01,GEHA1050.01,CLPE1002.10,GEHA1173.02
2026736354,MT1020.01,GEHA1050.01,CLPE1002.10,GEHA1165.08
2026736353,MT1020.01,GEHA1050.01,CLPE1002.10,GEHA1173.03
2026736352,MT1020.01,GEHA1050.01,CLPE1002.11,GEHA1165.08
2026736351,MT1020.01,GEHA1050.02,CLPE1002.11
2026736350,MT1020.01,GEHA1050.01,CLPE1002.11,GEHA1165.08
2026736349,MT1020.01,GEHA1050.02,CLPE1002.11
2026736348,MT1020.01,GEHA1050.01,CLPE1002.11,GEHA1165.08
2026736347,MT1020.01,GEHA1050.02,CLPE1002.11
2026736346,MT1020.01,GEHA1050.02,CLPE1002.11
2026736345,MT1020.01,GEHA1050.01,CLPE1002.11,GEHA1165.08
2026736344,MT1020.01,GEHA1050.01,CLPE1002.11,GEHA1165.08
2026736343,MT1020.01,GEHA1050.01,CLPE1002.11,GEHA1165.08
2026736342,MT1020.01,GEHA1050.02,CLPE1002.11
2026736341,MT1020.01,GEHA1050.02,CLPE1002.10
2026736340,MT1020.01,GEHA1050.01,CLPE1002.11,GEHA1165.08
2026736339,MT1020.01,GEHA1050.01,CLPE1002.11,GEHA1165.08
2026736338,MT1020.01,GEHA1050.01,CLPE1002.11,GEHA1165.08
2026736337,MT1020.01,GEHA1050.01,CLPE1002.11,GEHA1165.08
2026736336,MT1020.01,GEHA1050.02,CLPE1002.11
2026736335,MT1020.01,GEHA1050.02,CLPE1002.11
2026736334,MT1020.01,GEHA1050.01,CLPE1002.11,GEHA1165.08
2026736333,MT1020.01,GEHA1050.02,CLPE1002.10
2026736332,MT1020.01,GEHA1050.02,CLPE1002.11
2026736331,MT1020.01,GEHA1050.01,CLPE1002.10,GEHA1165.08
2026736330,MT1020.01,GEHA1050.01,CLPE1002.10,GEHA1173.03
2026736329,MT1020.01,GEHA1050.02,CLPE1002.11
2026736328,MT1020.01,GEHA1050.01,CLPE1002.12,GEHA1165.04
2026736327,MT1020.01,GEHA1050.01,CLPE1002.12,GEHA1165.04
2026736326,MT1020.01,GEHA1050.02,CLPE1002.12
2026736325,MT1020.01,GEHA1050.01,CLPE1002.12,GEHA1165.04
2026736324,MT1020.02,GEHA1050.01,CLPE1002.12,GEHA1165.01
2026736323,MT1020.03,GEHA1050.03,CLPE1002.12
2026736322,MT1020.02,GEHA1050.01,CLPE1002.12,GEHA1173.01
2026736321,MT1020.03,GEHA1050.03,CLPE1002.12
2026736320,MT1020.02,GEHA1050.01,CLPE1002.12,GEHA1165.01
2026736319,MT1020.02,GEHA1050.01,CLPE1002.12,GEHA1165.01
2026736318,MT1020.02,GEHA1050.01,CLPE1002.12,GEHA1165.01
2026736317,MT1020.02,GEHA1050.01,CLPE1002.12,GEHA1165.01
2026736316,MT1020.03,GEHA1050.03,CLPE1002.04
2026736315,MT1020.02,GEHA1050.01,CLPE1002.10,GEHA1165.01
2026736314,MT1020.02,GEHA1050.01,CLPE1002.12,GEHA1173.01
2026736313,MT1020.02,GEHA1050.01,CLPE1002.12,GEHA1173.01
2026736312,MT1020.03,GEHA1050.03,CLPE1002.12
2026736311,MT1020.02,GEHA1050.01,CLPE1002.12,GEHA1173.01
2026736310,MT1020.02,GEHA1050.01,CLPE1002.12,GEHA1165.01
2026736309,MT1020.02,GEHA1050.01,CLPE1002.10,GEHA1165.01
2026736308,MT1020.02,GEHA1050.01,CLPE1002.12,GEHA1165.01
2026736307,MT1020.02,GEHA1050.01,CLPE1002.12,GEHA1165.01
2026736306,MT1020.02,GEHA1050.01,CLPE1002.12,GEHA1165.01
2026736305,MT1020.02,GEHA1050.01,CLPE1002.12,GEHA1165.01
2026736304,MT1020.02,GEHA1050.01,CLPE1002.10,GEHA1165.01
2026736303,MT1020.02,GEHA1050.01,CLPE1002.12,GEHA1173.01
2026736302,MT1020.02,GEHA1050.01,CLPE1002.12,GEHA1173.01
2026736301,GESS1028.02,GEHA1254.03,CLPE1001.08,GEHA1173.03
2026736300,MT1020.02,GEHA1050.01,CLPE1002.12,GEHA1165.01
2026736299,MT1020.02,GEHA1050.01,CLPE1002.01,GEHA1173.01
2026736298,MT1020.02,GEHA1050.01,CLPE1002.10,GEHA1165.01
2026736297,MT1020.02,GEHA1050.01,CLPE1002.01,GEHA1165.01
2026736296,MT1020.02,GEHA1050.01,CLPE1002.01,GEHA1165.01
2026736295,MT1020.02,GEHA1050.01,CLPE1002.04,GEHA1173.01
2026736294,MT1020.02,GEHA1050.01,CLPE1002.04,GEHA1165.01
2026736293,MT1020.02,GEHA1050.01,CLPE1002.04,GEHA1165.01
2026736292,MT1020.02,GEHA1050.01,CLPE1002.01,GEHA1173.01
2026736291,MT1020.02,GEHA1050.01,CLPE1002.01,GEHA1165.01
2026736290,MT1020.02,GEHA1050.01,CLPE1002.01,GEHA1165.01
2026736289,MT1020.03,GEHA1050.03,CLPE1002.01
2026736288,MT1020.02,GEHA1050.01,CLPE1002.01,GEHA1173.01
2026736287,GESS1028.02,GEHA1254.03,CLPE1001.14,GEHA1165.10
2026736286,MT1020.02,GEHA1050.01,CLPE1002.01,GEHA1165.01
2026736285,MT1020.02,GEHA1050.01,CLPE1002.01,GEHA1173.01
2026736284,MT1020.02,GEHA1050.01,CLPE1002.01,GEHA1173.01
2026736283,MT1020.03,GEHA1050.03,CLPE1002.01
2026736282,MT1020.03,GEHA1050.03,CLPE1002.01
2026736281,MT1020.02,GEHA1050.01,CLPE1002.01,GEHA1165.01
2026736280,MT1020.03,GEHA1050.03,CLPE1002.04
2026736279,MT1020.02,GEHA1050.01,CLPE1002.01,GEHA1165.01
2026736278,MT1020.03,GEHA1050.03,CLPE1002.01
2026736277,GESS1028.02,GEHA1254.03,CLPE1001.08,GEHA1165.10
2026736276,MT1020.02,GEHA1050.01,CLPE1002.01,GEHA1173.01
2026736275,MT1020.02,GEHA1050.01,CLPE1002.01,GEHA1165.01
2026736274,MT1020.03,GEHA1050.03,CLPE1002.01
2026736273,MT1020.03,GEHA1050.03,CLPE1002.04
2026736272,MT1020.02,GEHA1050.01,CLPE1002.01,GEHA1165.01
2026736271,MT1020.02,GEHA1050.01,CLPE1002.01,GEHA1165.02
2026736270,MT1020.02,GEHA1050.01,CLPE1002.04,GEHA1165.02
2026736269,MT1020.03,GEHA1050.03,CLPE1002.01
2026736268,MT1020.02,GEHA1050.01,CLPE1002.01,GEHA1165.02
2026736267,MT1020.03,GEHA1050.03,CLPE1002.01
2026736266,MT1020.03,GEHA1050.03,CLPE1002.02
2026736265,GESS1028.02,GEHA1254.03,CLPE1001.08,GEHA1173.03
2026736264,MT1020.03,GEHA1050.03,CLPE1002.02
2026736263,MT1020.03,GEHA1050.03,CLPE1002.04
2026736262,MT1020.02,GEHA1050.01,CLPE1002.02,GEHA1165.02
2026736261,MT1020.03,GEHA1050.03,CLPE1002.02
2026736260,MT1020.03,GEHA1050.03,CLPE1002.02
2026736259,MT1020.02,GEHA1050.01,CLPE1002.02,GEHA1165.02
2026736258,MT1020.03,GEHA1050.03,CLPE1002.02
2026736257,MT1020.03,GEHA1050.03,CLPE1002.02
2026736256,MT1020.03,GEHA1050.03,CLPE1002.02
2026736255,MT1020.02,GEHA1050.01,CLPE1002.02,GEHA1165.02
2026736254,MT1020.03,GEHA1050.03,CLPE1002.02
2026736253,MT1020.02,GEHA1050.01,CLPE1002.04,GEHA1165.02
2026736252,MT1020.03,GEHA1050.03,CLPE1002.02
2026736251,MT1020.03,GEHA1050.03,CLPE1002.02
2026736250,GESS1028.02,GEHA1254.03,CLPE1001.08,GEHA1165.10
2026736249,MT1020.02,GEHA1050.01,CLPE1002.02,GEHA1165.02
2026736248,MT1020.02,GEHA1050.01,CLPE1002.04,GEHA1165.02
2026736247,GESS1028.02,GEHA1254.03,CLPE1001.14
2026736246,GESS1028.02,GEHA1254.03,CLPE1001.08,GEHA1165.10
2026736245,MT1020.03,GEHA1050.03,CLPE1002.02
2026736244,MT1020.02,GEHA1050.01,CLPE1002.04,GEHA1165.02
2026736243,MT1020.02,GEHA1050.01,CLPE1002.04,GEHA1165.02
2026736242,MT1020.03,GEHA1050.03,CLPE1002.02
2026736241,MT1020.02,GEHA1050.01,CLPE1002.04,GEHA1165.02
2026736240,MT1020.02,GEHA1050.02,CLPE1002.02,GEHA1165.10
2026736239,MT1020.03,GEHA1050.03,CLPE1002.02
2026736238,MT1020.02,GEHA1050.02,CLPE1002.02,GEHA1165.10
2026736237,MT1020.03,GEHA1050.03,CLPE1002.02
2026736236,MT1020.03,GEHA1050.03,CLPE1002.04
2026736235,MT1020.02,GEHA1050.02,CLPE1002.02,GEHA1165.10
2026736234,MT1020.03,GEHA1050.03,CLPE1002.04
2026736233,MT1020.03,GEHA1050.03,CLPE1002.04
2026736232,MT1020.02,GEHA1050.02,CLPE1002.02,GEHA1165.10
2026736231,MT1020.03,GEHA1050.03,CLPE1002.02
2026736230,MT1020.03,GEHA1050.03,CLPE1002.02
2026736229,MT1020.02,GEHA1050.02,CLPE1002.03,GEHA1165.10
2026736228,MT1020.02,GEHA1050.02,CLPE1002.03,GEHA1165.10
2026736227,MT1020.03,GEHA1050.03,CLPE1002.03
2026736226,MT1020.03,GEHA1050.03,CLPE1002.03
2026736225,MT1020.02,GEHA1050.02,CLPE1002.03,GEHA1165.10
2026736224,MT1020.02,GEHA1050.02,CLPE1002.03,GEHA1165.10
2026736223,MT1020.02,GEHA1050.02,CLPE1002.04,GEHA1165.10
2026736222,MT1020.02,GEHA1050.02,CLPE1002.03,GEHA1165.10
2026736221,MT1020.03,GEHA1050.03,CLPE1002.04
2026736220,MT1020.03,GEHA1050.03,CLPE1002.04
2026736219,MT1020.03,GEHA1050.03,CLPE1002.03
2026736218,MT1020.02,GEHA1050.02,CLPE1002.04,GEHA1165.10
2026736217,MT1020.03,GEHA1050.03,CLPE1002.03
2026736216,MT1020.03,GEHA1050.03,CLPE1002.03
2026736215,MT1020.03,GEHA1050.03,CLPE1002.03
2026736214,MT1020.03,GEHA1050.03,CLPE1002.08
2026736213,MT1020.03,GEHA1050.03,CLPE1002.08
2026736212,MT1020.02,GEHA1050.02,CLPE1002.03,GEHA1165.10
2026736210,MT1020.03,GEHA1050.03,CLPE1002.03
2026736209,MT1020.03,GEHA1050.03,CLPE1002.03
2026736208,MT1020.02,GEHA1050.02,CLPE1002.03,GEHA1165.02
2026736207,MT1020.03,GEHA1050.03,CLPE1002.03
2026736206,MT1020.03,GEHA1050.03,CLPE1002.03
2026736205,MT1020.02,GEHA1050.02,CLPE1002.03,GEHA1165.02
2026736204,MT1020.03,GEHA1050.03,CLPE1002.03
2026736203,MT1020.02,GEHA1050.02,CLPE1002.03,GEHA1165.02
2026736202,MT1020.03,GEHA1050.03,CLPE1002.03
2026734289,MT1020.02,GEHA1050.02,CLPE1002.03,GEHA1173.01
2026734288,MT1020.02,GEHA1050.02,CLPE1002.03,GEHA1165.02
2026734287,MT1020.03,GEHA1050.03,CLPE1002.08,GEHA1165.02
2026734286,MT1020.03,GEHA1050.03,CLPE1002.03,GEHA1165.02
2026734285,MT1020.03,GEHA1050.03,CLPE1002.08,GEHA1165.02
2026734284,MT1020.03,GEHA1050.03,CLPE1002.05,GEHA1165.02
2026734283,MT1020.03,GEHA1050.03,CLPE1002.05,GEHA1173.03
2026734282,MT1020.03,GEHA1050.03,CLPE1002.05,GEHA1165.02
2026734281,MT1020.03,GEHA1050.03,CLPE1002.05,GEHA1173.03
2026734280,MT1020.03,GEHA1050.03,CLPE1002.08,GEHA1165.02
2026734279,MT1020.03,GEHA1050.03,CLPE1002.05,GEHA1173.03
2026734278,MT1020.03,GEHA1050.03,CLPE1002.08,GEHA1165.02
2026734277,MT1020.03,GEHA1050.03,CLPE1002.05
2026734276,MT1020.03,GEHA1050.03,CLPE1002.05
2026734275,MT1020.03,GEHA1050.03,CLPE1002.05,GEHA1165.02
2026734274,MT1020.03,GEHA1050.03,CLPE1002.05,GEHA1165.02
2026734273,MT1020.03,GEHA1050.03,CLPE1002.05
2026734272,MT1020.03,GEHA1050.03,CLPE1002.05
2026734271,MT1020.03,GEHA1050.03,CLPE1002.05,GEHA1173.03
2026734270,MT1020.03,GEHA1050.03,CLPE1002.08
2026734269,MT1020.03,GEHA1050.03,CLPE1002.08,GEHA1165.02
2026734268,MT1020.04,GEHA1050.02,CLPE1002.05,GEHA1173.03
2026734267,MT1020.04,GEHA1050.02,CLPE1002.05
2026734266,MT1020.04,GEHA1050.02,CLPE1002.05,GEHA1165.02
2026734265,MT1020.04,GEHA1050.02,CLPE1002.05,GEHA1173.03
2026734264,MT1020.04,GEHA1050.02,CLPE1002.05,GEHA1165.02
2026734263,MT1020.04,GEHA1050.02,CLPE1002.05,GEHA1165.02
2026734262,MT1020.04,GEHA1050.02,CLPE1002.05,GEHA1165.02
2026734261,MT1020.04,GEHA1050.02,CLPE1002.05,GEHA1173.03
2026734260,MT1020.04,GEHA1050.02,CLPE1002.05,GEHA1165.03
2026734259,MT1020.04,GEHA1050.02,CLPE1002.05,GEHA1165.03
2026734258,MT1020.04,GEHA1050.02,CLPE1002.05
2026734257,MT1020.04,GEHA1050.02,CLPE1002.05,GEHA1165.03
2026734256,MT1020.04,GEHA1050.02,CLPE1002.08,GEHA1165.03
2026734255,MT1020.04,GEHA1050.02,CLPE1002.08
2026734254,MT1020.04,GEHA1050.02,CLPE1002.06
2026734253,MT1020.04,GEHA1050.02,CLPE1002.06,GEHA1173.03
2026734252,MT1020.04,GEHA1050.02,CLPE1002.06,GEHA1165.03
2026734251,MT1020.04,GEHA1050.02,CLPE1002.06,GEHA1165.03
2026734250,MT1020.04,GEHA1050.02,CLPE1002.06,GEHA1165.03
2026734249,MT1020.04,GEHA1050.02,CLPE1002.06,GEHA1173.03
2026734248,MT1020.04,GEHA1050.02,CLPE1002.06,GEHA1173.03
2026734247,MT1020.04,GEHA1050.02,CLPE1002.06,GEHA1165.03
2026734246,MT1020.04,GEHA1050.02,CLPE1002.06
2026734245,MT1020.04,GEHA1050.02,CLPE1002.06,GEHA1165.03
2026734244,MT1020.04,GEHA1050.02,CLPE1002.06,GEHA1165.03
2026734243,MT1020.04,GEHA1050.02,CLPE1002.08,GEHA1165.03
2026734242,MT1020.04,GEHA1050.02,CLPE1002.06,GEHA1165.03
2026734241,MT1020.04,GEHA1050.02,CLPE1002.06,GEHA1173.03
2026734240,MT1020.04,GEHA1050.02,CLPE1002.06,GEHA1173.03
2026734239,MT1020.04,GEHA1050.02,CLPE1002.06,GEHA1165.03
2026734238,MT1020.04,GEHA1050.02,CLPE1002.06
2026734237,MT1020.04,GEHA1050.02,CLPE1002.06,GEHA1165.03
2026734236,MT1020.04,GEHA1050.02,CLPE1002.06
2026734235,MT1020.04,GEHA1050.02,CLPE1002.06,GEHA1165.03
2026734234,MT1020.04,GEHA1050.02,CLPE1002.06,GEHA1165.03
2026734233,MT1020.04,GEHA1050.02,CLPE1002.06,GEHA1165.03
2026734232,MT1020.04,GEHA1050.02,CLPE1002.08,GEHA1165.03
2026734231,MT1020.04,GEHA1050.02,CLPE1002.06,GEHA1165.03
2026734230,MT1020.04,GEHA1050.02,CLPE1002.06,GEHA1165.03
2026734229,MT1020.04,GEHA1050.02,CLPE1002.08
2026734228,MT1020.04,GEHA1050.02,CLPE1002.08
2026734227,MT1020.04,GEHA1050.02,CLPE1002.06
2026734226,MT1020.04,GEHA1050.02,CLPE1002.08
2026734225,MT1020.04,GEHA1050.02,CLPE1002.07
2026734224,MT1020.04,GEHA1050.02,CLPE1002.07,GEHA1173.03
2026734223,MT1020.04,GEHA1050.02,CLPE1002.07
2026734222,MT1020.04,GEHA1050.02,CLPE1002.07
2026734221,MT1020.04,GEHA1050.02,CLPE1002.07,GEHA1165.03
2026734220,MT1020.04,GEHA1050.02,CLPE1002.07,GEHA1173.03
2026734219,MT1020.04,GEHA1050.02,CLPE1002.07,GEHA1173.03
2026734218,MT1020.04,GEHA1050.02,CLPE1002.08
2026734217,MT1020.04,GEHA1050.02,CLPE1002.07,GEHA1165.03
2026734216,MT1020.04,GEHA1050.02,CLPE1002.07
2026734215,MT1020.04,GEHA1050.02,CLPE1002.08
2026734214,MT1020.04,GEHA1050.02,CLPE1002.07
2026734213,MT1020.04,GEHA1050.02,CLPE1002.08,GEHA1165.03
2026734212,MT1020.04,GEHA1050.02,CLPE1002.08,GEHA1165.03
2026734211,MT1020.04,GEHA1050.02,CLPE1002.07,GEHA1165.03
2026734210,MT1020.04,GEHA1050.02,CLPE1002.07
2026734209,MT1020.04,GEHA1050.02,CLPE1002.07,GEHA1165.03
2026734208,MT1020.04,GEHA1050.02,CLPE1002.07
2026734207,MT1020.04,GEHA1050.02,CLPE1002.07,GEHA1165.03
2026734206,MT1020.04,GEHA1050.02,CLPE1002.07
2026734205,MT1020.04,GEHA1050.02,CLPE1002.07,GEHA1165.03
2026734204,MT1020.04,GEHA1050.03,CLPE1002.07
2026734203,MT1020.04,GEHA1050.03,CLPE1002.07
2026734202,MT1020.04,GEHA1050.03,CLPE1002.07,GEHA1165.03
2026716221,CHEM1100.02,GESS1028.02,GEHA1254.03,CLPE1001.08,GEHA1165.03
2026716220,CHEM1100.02,GESS1028.02,GEHA1254.03,CLPE1001.08,GEHA1173.03
2026716219,CHEM1100.02,GEHA1254.03,GESS1028.02,CLPE1001.08,GEHA1165.04
2026716218,CHEM1100.02,GESS1028.02,GEHA1254.03,CLPE1001.08,GEHA1165.04
2026716217,CHEM1100.04,GESS1028.02,GEHA1254.03,CLPE1001.14
2026716216,CHEM1100.04,GESS1028.02,GEHA1254.03,CLPE1001.14,GEHA1165.04
2026716215,CHEM1100.04,GESS1028.02,GEHA1254.03,CLPE1001.12,GEHA1173.03
2026716214,CHEM1100.04,GESS1028.02,GEHA1254.03,CLPE1001.12,GEHA1173.03
2026716213,CHEM1100.04,GESS1028.02,GEHA1254.03,CLPE1001.12,GEHA1173.03
2026716212,CHEM1100.04,GESS1028.02,GEHA1254.03,CLPE1001.12,GEHA1165.04
2026716211,CHEM1100.04,GESS1028.02,GEHA1254.03,CLPE1001.12,GEHA1165.04
2026716210,CHEM1100.04,GESS1028.02,GEHA1254.03,CLPE1001.14
2026716209,CHEM1100.04,GESS1028.02,GEHA1254.03,CLPE1001.12,GEHA1165.04
2026716208,CHEM1100.04,GESS1028.02,GEHA1254.03,CLPE1001.14,GEHA1165.04
2026716207,CHEM1100.04,GESS1028.02,GEHA1254.03,CLPE1001.12,GEHA1165.04
2026716206,CHEM1100.04,GESS1028.02,GEHA1254.03,CLPE1001.14
2026716205,CHEM1100.04,GESS1028.02,GEHA1254.03,CLPE1001.14,GEHA1165.04
2026716204,CHEM1100.04,GESS1028.02,GEHA1254.03,CLPE1001.12,GEHA1165.04
2026716203,CHEM1100.04,GESS1028.02,GEHA1254.03,CLPE1001.12
2026716202,CHEM1100.04,GESS1028.02,GEHA1254.03,CLPE1001.12
2026715209,CHEM1100.04,GEHA1254.03,GESS1028.02,CLPE1001.12,GEHA1165.04
2026715208,CHEM1100.04,GEHA1254.03,GESS1028.02,CLPE1001.12,GEHA1173.03
2026715207,CHEM1100.04,GEHA1254.03,GESS1028.02,CLPE1001.12,GEHA1165.04
2026715206,CHEM1100.04,GEHA1254.03,GESS1028.02,CLPE1001.12,GEHA1173.03
2026715205,CHEM1100.04,GEHA1254.03,GESS1028.02,CLPE1001.12,GEHA1173.03
2026715204,CHEM1100.04,GEHA1254.03,GESS1028.02,CLPE1001.12,GEHA1165.04
